scene,title,planned_start_seconds,planned_duration_seconds,planned_development_seconds,planned_explanation_seconds,timing_status
"01","화면이 가끔 깨지는 이유","2","45","33","12","proposed-not-measured"
"02","명령의 기록과 제출과 완료","47","60","30","30","proposed-not-measured"
"03","Allocator를 다시 쓰는 순간","107","60","33","27","proposed-not-measured"
"04","Fence로 완료 지점을 표시하기","167","65","28","37","proposed-not-measured"
"05","두 슬롯을 돌려 쓰는 방법","232","75","33","42","proposed-not-measured"
"06","번호를 저장하고 다음 인덱스로 이동하기","307","65","50","15","proposed-not-measured"
"07","Game과 Editor의 제출 책임","372","70","52","18","proposed-not-measured"
"08","별도 창까지 포함한 마지막 Signal","442","65","43","22","proposed-not-measured"
"09","Fence와 화면 표시 조건 구분하기","507","60","30","30","proposed-not-measured"
"10","비슷한 기능을 만드는 순서","567","70","49","21","proposed-not-measured"
