scene,start,end,segment_type,visual,source,source_in,source_out,source_audio,bgm,status
intro,0,2,excluded-branding,original cat logo,shared/assets/branding/yamyamcoding-cats-original.png,,,off,continuous-Nimbus,rendered
01,2,24.083333333333332,explanation,거리와 각도로 위치를 말해 볼까요?,Overview,,,off,continuous-Nimbus,rendered-measured
02,24.083333333333332,46.08333333333333,actual,실제 사례 · 총알의 위치,SlqDHvpYgZo,205,227,off,continuous-Nimbus,rendered-measured
03,46.08333333333333,71.76666666666667,explanation,"한번 돌고, 앞으로 이동하기",Locate,,,off,continuous-Nimbus,rendered-measured
04,71.76666666666667,94.96666666666667,actual,실제 사례 · 퍼지는 탄막,SlqDHvpYgZo,570,593.2,off,continuous-Nimbus,rendered-measured
05,94.96666666666667,122.96666666666667,explanation,"거리와 각도를 x, y로 바꾸기",Convert,,,off,continuous-Nimbus,rendered-measured
06,122.96666666666667,144.96666666666667,actual,실제 사례 · 움직이는 중심,SlqDHvpYgZo,512,534,off,continuous-Nimbus,rendered-measured
07,144.96666666666667,170.0,explanation,3D로 확장하고 핵심 정리,Cylinder,,,off,continuous-Nimbus,rendered-measured
outro,170,180,excluded-membership,"original member profiles, names, badges",shared/assets/membership/member-list-20260929.png,,,off,continuous-Nimbus,rendered
