scene,start,end,segment_type,visual,source,source_audio,bgm,status
"01","00:00.000","00:19.500","real-example","The Godot Game Engine Explained in 5 Minutes","https://www.youtube.com/watch?v=KjX5llYZ5eQ @ 67s","retained-in-narration-source-mix","continuous-selected-not-acquired","measured-tts-v5"
"01","00:19.500","01:07.100","channel-explanation","공부하러 앉았는데, 진로부터 다시 고민","original-motion-canvas","full-balanced-v5-tts","continuous-selected-not-acquired","measured-tts-v5"
"01","00:19.500","00:21.500","meme-overlay","자체 밈 연출 (설명 구간과 겹침)","sources/MEMES.md","no-borrowed-meme-audio","continuous-selected-not-acquired","overlays-explanation-do-not-add-duration"
"02","01:07.100","01:26.600","real-example","Prototyping an Indie Game with Godot: Two Days working on Hook!","https://www.youtube.com/watch?v=mturL8WaHjY @ 614s","retained-in-narration-source-mix","continuous-selected-not-acquired","measured-tts-v5"
"02","01:26.600","02:15.333","channel-explanation","회사에서는 다 알고 있을까?","original-motion-canvas","full-balanced-v5-tts","continuous-selected-not-acquired","measured-tts-v5"
"02","01:26.600","01:28.600","meme-overlay","자체 밈 연출 (설명 구간과 겹침)","sources/MEMES.md","no-borrowed-meme-audio","continuous-selected-not-acquired","overlays-explanation-do-not-add-duration"
"03","02:15.333","02:34.833","real-example","Debugging and Troubleshooting Python Applications — Neeraj Pandey, PyCon APAC 2023","https://www.youtube.com/watch?v=DvXcE2oa_Jc @ 580s","retained-in-narration-source-mix","continuous-selected-not-acquired","measured-tts-v5"
"03","02:34.833","03:19.467","channel-explanation","고쳐 달랬더니, 다른 데가 고장 났다","original-motion-canvas","full-balanced-v5-tts","continuous-selected-not-acquired","measured-tts-v5"
"03","02:34.833","02:36.833","meme-overlay","자체 밈 연출 (설명 구간과 겹침)","sources/MEMES.md","no-borrowed-meme-audio","continuous-selected-not-acquired","overlays-explanation-do-not-add-duration"
"04","03:19.467","03:38.967","real-example","Unlocking the Power of Python's Collections — Italo Carvalho Vianelli Ribeiro, PyCon JP 2024","https://www.youtube.com/watch?v=t6aZyuCEoAo @ 1068s","retained-in-narration-source-mix","continuous-selected-not-acquired","measured-tts-v5"
"04","03:38.967","04:28.067","channel-explanation","기초가 중요하다는데, 그걸 언제 다 해요?","original-motion-canvas","full-balanced-v5-tts","continuous-selected-not-acquired","measured-tts-v5"
"04","03:38.967","03:40.967","meme-overlay","자체 밈 연출 (설명 구간과 겹침)","sources/MEMES.md","no-borrowed-meme-audio","continuous-selected-not-acquired","overlays-explanation-do-not-add-duration"
"05","04:28.067","04:47.567","real-example","Pythonで実現する堅牢なシステム設計 イミュータブルがもたらす恩恵 — PyCon JP","https://www.youtube.com/watch?v=GZEW9SPf6C8 @ 1258s","retained-in-narration-source-mix","continuous-selected-not-acquired","measured-tts-v5"
"05","04:47.567","05:33.967","channel-explanation","포트폴리오는 멋진데, 왜 이 기술을 썼죠?","original-motion-canvas","full-balanced-v5-tts","continuous-selected-not-acquired","measured-tts-v5"
"05","04:47.567","04:49.567","meme-overlay","자체 밈 연출 (설명 구간과 겹침)","sources/MEMES.md","no-borrowed-meme-audio","continuous-selected-not-acquired","overlays-explanation-do-not-add-duration"
"06","05:33.967","05:35.967","real-example","Learn GDScript from Zero with this Free app","https://www.youtube.com/watch?v=ClU1WqQfCZM @ 40s","retained-in-narration-source-mix","continuous-selected-not-acquired","measured-tts-v5"
"06","05:35.967","05:53.467","real-example","Learn GDScript from Zero with this Free app","https://www.youtube.com/watch?v=ClU1WqQfCZM @ 47s","retained-in-narration-source-mix","continuous-selected-not-acquired","measured-tts-v5"
"06","05:53.467","06:53.633","channel-explanation","시험장에서는 왜 첫 줄부터 안 나올까?","original-motion-canvas","full-balanced-v5-tts","continuous-selected-not-acquired","measured-tts-v5"
"06","05:53.467","05:55.467","meme-overlay","자체 밈 연출 (설명 구간과 겹침)","sources/MEMES.md","no-borrowed-meme-audio","continuous-selected-not-acquired","overlays-explanation-do-not-add-duration"
"07","06:53.633","07:00.133","real-example","Professional Tetris Gameplay","https://www.youtube.com/watch?v=lt1Lal2gh_E @ 54s","retained-in-narration-source-mix","continuous-selected-not-acquired","measured-tts-v5"
"07","07:00.133","07:06.633","real-example","Professional Tetris Gameplay","https://www.youtube.com/watch?v=lt1Lal2gh_E @ 84s","retained-in-narration-source-mix","continuous-selected-not-acquired","measured-tts-v5"
"07","07:06.633","07:13.133","real-example","Professional Tetris Gameplay","https://www.youtube.com/watch?v=lt1Lal2gh_E @ 320s","retained-in-narration-source-mix","continuous-selected-not-acquired","measured-tts-v5"
"07","07:13.133","08:08.567","channel-explanation","작은 게임 하나가 생각보다 만만하지 않다","original-motion-canvas","full-balanced-v5-tts","continuous-selected-not-acquired","measured-tts-v5"
"07","07:13.133","07:15.133","meme-overlay","자체 밈 연출 (설명 구간과 겹침)","sources/MEMES.md","no-borrowed-meme-audio","continuous-selected-not-acquired","overlays-explanation-do-not-add-duration"
"08","08:08.567","08:28.067","real-example","実践Pytest入門 — fujine, PyCon JP 2024","https://www.youtube.com/watch?v=y95kjwHa-w8 @ 1550s","retained-in-narration-source-mix","continuous-selected-not-acquired","measured-tts-v5"
"08","08:28.067","09:23.600","channel-explanation","왜 하필 거길 눌러? 그게 테스트입니다","original-motion-canvas","full-balanced-v5-tts","continuous-selected-not-acquired","measured-tts-v5"
"08","08:28.067","08:30.067","meme-overlay","자체 밈 연출 (설명 구간과 겹침)","sources/MEMES.md","no-borrowed-meme-audio","continuous-selected-not-acquired","overlays-explanation-do-not-add-duration"
"09","09:23.600","09:43.100","real-example","Make Your 2D Games 2X Faster Instantly in Godot","https://www.youtube.com/watch?v=lfuGLaZ3khs @ 186s","retained-in-narration-source-mix","continuous-selected-not-acquired","measured-tts-v5"
"09","09:43.100","10:51.033","channel-explanation","월급보다 먼저 나가는 AI 사용료","original-motion-canvas","full-balanced-v5-tts","continuous-selected-not-acquired","measured-tts-v5"
"09","09:43.100","09:45.100","meme-overlay","자체 밈 연출 (설명 구간과 겹침)","sources/MEMES.md","no-borrowed-meme-audio","continuous-selected-not-acquired","overlays-explanation-do-not-add-duration"
"10","10:51.033","11:10.533","real-example","Code Your First Complete 2D Game with Godot","https://www.youtube.com/watch?v=WEt2JHEe-do @ 3555s","retained-in-narration-source-mix","continuous-selected-not-acquired","measured-tts-v5"
"10","11:10.533","12:22.267","channel-explanation","거의 다 됐는데, 왜 일이 안 끝날까?","original-motion-canvas","full-balanced-v5-tts","continuous-selected-not-acquired","measured-tts-v5"
"10","11:10.533","11:12.533","meme-overlay","자체 밈 연출 (설명 구간과 겹침)","sources/MEMES.md","no-borrowed-meme-audio","continuous-selected-not-acquired","overlays-explanation-do-not-add-duration"
"11","12:22.267","12:41.767","real-example","Python開発環境の整え方ライブデモ — PyCon JP","https://www.youtube.com/watch?v=Wy3Lixh1vwk @ 1100s","retained-in-narration-source-mix","continuous-selected-not-acquired","measured-tts-v5"
"11","12:41.767","13:46.500","channel-explanation","선배님은 이미 취업하셨잖아요","original-motion-canvas","full-balanced-v5-tts","continuous-selected-not-acquired","measured-tts-v5"
"11","12:41.767","12:43.767","meme-overlay","자체 밈 연출 (설명 구간과 겹침)","sources/MEMES.md","no-borrowed-meme-audio","continuous-selected-not-acquired","overlays-explanation-do-not-add-duration"
"12","13:46.500","14:06.000","real-example","Your First 2D GAME From Zero in Godot 4 — Vampire Survivor Style","https://www.youtube.com/watch?v=GwCiGixlqiU @ 7472s","retained-in-narration-source-mix","continuous-selected-not-acquired","measured-tts-v5"
"12","14:06.000","15:06.733","channel-explanation","내가 끝낸 작은 일은 남습니다","original-motion-canvas","full-balanced-v5-tts","continuous-selected-not-acquired","measured-tts-v5"
"12","14:06.000","14:08.000","meme-overlay","자체 밈 연출 (설명 구간과 겹침)","sources/MEMES.md","no-borrowed-meme-audio","continuous-selected-not-acquired","overlays-explanation-do-not-add-duration"
